Bangladesh,Australia,England,India,Zealand,Pakistan,Africa,Lanka,Indies,Zimbabwe,Afghanistan,Ireland
Abu Hider ,SA Abbott ,MM Ali ,KK Ahmed ,CJ Anderson ,Abdullah Shafique ,T Bavuma ,MA Aponso ,FA Allen ,RP Burl ,Aftab Alam ,MR Adair 
Abu Jayed,AC Agar,JC Archer,JJ Bumrah,TD Astle,Ahmed Shehzad,F Behardien,M Bhanuka,D Bishoo,RW Chakabva,Amir Hamza,A Balbirnie
Abul Hasan,JP Behrendorff,JM Bairstow,YS Chahal,HK Bennett,Ahsan Ali,GL Cloete,LD Chandimal,CR Brathwaite,BB Chari,Asghar Afghan,PKD Chase
Afif Hossain,AT Carey,JT Ball,DL Chahar,TA Blundell,Asif Ali,CJ Dala,A Dananjaya,DJ Bravo,TL Chatara,Dawlat Zadran,DC Delany
Al-Amin Hossain,NM Coulter-Nile,T Banton,RD Chahar,TA Boult,Babar Azam,Q de Kock,DM de Silva,DM Bravo,CJ Chibhabha,Fareed Ahmad,GJ Delany
Aminul Islam,PJ Cummins,SW Billings,S Dhawan,DAJ Bracewell,Faheem Ashraf,JP Duminy,PWH de Silva,JD Campbell,E Chigumbura,Fazal Niazai,GH Dockrell
Ariful Haque,AJ Finch,PR Brown,MS Dhoni,TC Bruce,Fakhar Zaman,F du Plessis,N Dickwella,SS Cottrell,TS Chisoro,Gulbadin Naib,SC Getkate
Hasan Mahmud,PSP Handscomb,JC Buttler,S Dube,MS Chapman,Haider Ali,BC Fortuin,N Pradeep,CH Gayle,CR Ervine,Hazratullah Zazai,TE Kane
Imrul Kayes,JR Hazlewood,SM Curran,SS Iyer,C de Grandhomme,Haris Rauf,R Frylinck,BOP Fernando,SO Hetmyer,M Faraz Akram,Ibrahim Zadran,JB Little
Liton Das,TM Head,TK Curran,RA Jadeja,LH Ferguson,Haris Sohail,BE Hendricks,WIA Fernando,JO Holder,D Jakiel,Javed Ahmadi,AR McBrine
Mahedi Hasan,CA Lynn,LA Dawson,KD Karthik,MJ Guptill,Hasan Ali,RR Hendricks,MD Gunathilaka,SD Hope,TS Kamunhukamwe,Karim Janat,BJ McCarthy
Mahmudullah,NM Lyon,JL Denly,S Kaul,AK Kitchen,Hussain Talat,Imran Tahir,GSNFG Jayasuriya,BA King,W Madhevere,Karim Sadiq,J Mulder
Mehidy Hasan Miraz,BR McDermott,BM Duckett,V Kohli,SC Kuggeleijn,Iftikhar Ahmed,H Klaasen,CBRLS Kumara,E Lewis,N Madziva,Mohammad Nabi,TJ Murtagh
Mohammad Mithun,NJ Maddinson,BT Foakes,Kuldeep Yadav,AF Milne,Imad Wasim,JN Malan,RAS Lakmal,OC McCoy,T Maruma,Mohammad Shahzad,KJ O'Brien
Mohammad Naim,MR Marsh,L Gregory,B Kumar,DJ Mitchell,Imam-ul-Haq,AK Markram,LD Madushanka,SP Narine,WP Masakadza,Mujeeb Ur Rahman,NJ O'Brien
Mohammad Saifuddin,GJ Maxwell,AD Hales,M Markande,C Munro,Khushdil Shah,DA Miller,SL Malinga,AR Nurse,WT Mashinge,Najeeb Tarakai,WTS Porterfield
Mosaddek Hossain,JA Richardson,CJ Jordan,Mohammed Shami,JDS Neesham,Mohammad Amir,CH Morris,AD Mathews,KMA Paul,PJ Moor,Najibullah Zadran,AD Poynter
Mushfiqur Rahim,KW Richardson,LS Livingstone,MK Pandey,HM Nicholls,Mohammad Hafeez,L Ngidi,BKG Mendis,K Pierre,CB Mpofu,Naveen-ul-Haq,SW Poynter
Mustafizur Rahman,DJM Short,S Mahmood,HH Pandya,AY Patel,Mohammad Hasnain,A Nortje,PHKD Mendis,KA Pollard,CT Mumba,Nawroz Mangal,DA Rankin
Najmul Hossain Shanto,SPD Smith,DJ Malan,KH Pandya,GD Phillips,Mohammad Irfan,D Paterson,AK Perera,N Pooran,T Munyonga,Noor Ali Zadran,WB Rankin
Nazmul Islam,B Stanlake,EJG Morgan,RR Pant,SHA Rance,Mohammad Rizwan,AL Phehlukwayo,MDKJ Perera,R Powell,CT Mutombodzi,Qais Ahmad,JNK Shannon
Rubel Hossain,MA Starc,MW Parkinson,KL Rahul,HD Rutherford,Muhammad Musa,D Pretorius,NLTC Perera,D Ramdin,R Mutumbami,Rahmanullah Gurbaz,Simi Singh
Sabbir Rahman,MP Stoinis,LE Plunkett,SK Raina,MJ Santner,Sarfaraz Ahmed,S Qeshile,PBB Rajapaksa,AD Russell,B Muzarabani,Rashid Khan,PR Stirling
Shafiul Islam,MJ Swepson,AU Rashid,NA Saini,TL Seifert,Shadab Khan,K Rabada,CAK Rajitha,SE Rutherford,R Ngarava,Samiullah Shinwari,HT Tector
Shakib Al Hasan,AJ Turner,JE Root,SV Samson,IS Sodhi,Shaheen Shah Afridi,T Shamsi,S Samarawickrama,MN Samuels,M Shumba,Sayed Shirzad,SP Terry
Soumya Sarkar,AJ Tye,JJ Roy,V Shankar,TG Southee,Shoaib Malik,L Sipamla,PADLR Sandakan,R Shepherd,Sikandar Raza,Shafiqullah,GJ Thompson
Taijul Islam,MS Wade,BA Stokes,RG Sharma,LRPL Taylor,Umar Akmal,JT Smuts,MD Shanaka,LMP Simmons,BRM Taylor,Shapoor Zadran,SR Thompson
Tamim Iqbal,DA Warner,JM Vince,SN Thakur,BM Tickner,Usman Qadir,DW Steyn,WU Tharanga,O Thomas,DT Tiripano,Sharafuddin Ashraf,LJ Tucker
Taskin Ahmed,JD Wildermuth,DJ Willey,Washington Sundar,BM Wheeler,Usman Shinwari,PJ van Biljon,I Udana,HR Walsh,CK Tshuma,Usman Ghani,GC Wilson
Zakir Hasan,A Zampa,MA Wood,UT Yadav,KS Williamson,Wahab Riaz,HE van der Dussen,JDF Vandersay,KOK Williams,SC Williams,Ziaur Rahman,CA Young
